{
   "VolumetricFlowAdjusted":[132,133,134,135,136,137,138,139,140,141,142,143,144,145,146,147,148,149,150,151,152,153,154,155,156,157,158,159,160,161,162,163,164,165,166,167,168,169,170,171,172,173,174,175,176,177,178,179,180,181,182,183,184,185,186,187,188,189,190,191,192,193,194,195,196,197,198,199,200,201,202,203,204,205,206,207,208,209,210,211,212,213,214,215,216,217,218,219,220,221,222,223,224,225,226,227,228,229,230,231,232,233,234,235,236,237,238,239,240,241,242,243,244,245,246,247,248,249,250,251,252,253,254,255,256,257,258,259,260,261,262,263,264,265,266,267,268,269,270,271,272,273,274,275,276,277,278,279,280,281,282,283,284,285,286,287,288,289,290],
   "EpsilonLine_0.75":[1.16969,1.16958,1.16946,1.16935,1.16924,1.16913,1.16902,1.16894,1.16886,1.16876,1.16864,1.16851,1.16837,1.16823,1.16808,1.16795,1.16782,1.16765,1.16746,1.16728,1.16708,1.16685,1.16662,1.16639,1.16617,1.16592,1.16566,1.16539,1.16511,1.16484,1.16456,1.16428,1.164,1.16373,1.16345,1.16314,1.16282,1.16252,1.16224,1.16193,1.16157,1.16119,1.16083,1.16048,1.16012,1.15976,1.15935,1.15894,1.15855,1.15813,1.15769,1.15727,1.15684,1.15639,1.15592,1.15546,1.155,1.15451,1.15399,1.15348,1.15299,1.15249,1.15199,1.1515,1.15098,1.15044,1.14989,1.14933,1.14876,1.14821,1.14766,1.14709,1.14647,1.14587,1.14531,1.14475,1.14414,1.1435,1.14288,1.14225,1.14161,1.14098,1.14035,1.13971,1.13907,1.13841,1.13774,1.13704,1.13633,1.13564,1.13493,1.13423,1.13353,1.13284,1.13214,1.13142,1.13069,1.12997,1.12923,1.12847,1.12771,1.12694,1.12614,1.12534,1.12455,1.12378,1.123,1.1222,1.12137,1.1205,1.11962,1.11873,1.11784,1.11695,1.11603,1.1151,1.11416,1.11322,1.11229,1.11141,1.11053,1.10958,1.10858,1.10759,1.10661,1.10562,1.1046,1.1036,1.10259,1.10154,1.10049,1.09942,1.09833,1.09727,1.09617,1.09505,1.09388,1.09268,1.09152,1.09038,1.08919,1.08798,1.08676,1.08558,1.08435,1.08311,1.08185,1.08057,1.07932,1.07803,1.07673,1.07543,1.07409,1.07276,1.07143,1.07009,1.06876,1.0674,1.06602],
   "EpsilonLine_0.8":[1.19149,1.19137,1.19124,1.19112,1.19099,1.19087,1.19074,1.1906,1.19046,1.19031,1.19016,1.18997,1.18977,1.18957,1.18934,1.18911,1.18891,1.18867,1.18842,1.18817,1.1879,1.18761,1.1873,1.18698,1.18664,1.18628,1.18593,1.18557,1.18518,1.18478,1.18436,1.18395,1.18356,1.18314,1.18267,1.18221,1.18177,1.18133,1.18089,1.18043,1.17996,1.1795,1.17904,1.17859,1.17814,1.17769,1.17721,1.17673,1.17627,1.1758,1.1753,1.1748,1.17429,1.17379,1.17328,1.17276,1.17223,1.1717,1.17116,1.17061,1.17006,1.16948,1.1689,1.16831,1.1677,1.16711,1.16653,1.16594,1.16534,1.16471,1.16406,1.1634,1.16275,1.1621,1.16145,1.16079,1.16015,1.1595,1.15883,1.15815,1.15746,1.15676,1.15606,1.15536,1.15467,1.15397,1.15328,1.15258,1.15184,1.15109,1.15032,1.14955,1.14876,1.14794,1.14712,1.14627,1.1454,1.1445,1.14357,1.14264,1.14171,1.14078,1.13984,1.13888,1.1379,1.13688,1.13587,1.13487,1.13387,1.13285,1.13183,1.13081,1.12981,1.12882,1.12785,1.12687,1.12587,1.12485,1.12381,1.12277,1.12176,1.12076,1.11972,1.11863,1.11753,1.11643,1.11533,1.1142,1.11303,1.11183,1.11063,1.10939,1.10813,1.10691,1.10567,1.10439,1.1031,1.10181,1.10051,1.09918,1.09784,1.0965,1.09512,1.09373,1.09234,1.09092,1.08951,1.08809,1.08663,1.08517,1.08372,1.08222,1.08071,1.07923,1.07778,1.07631,1.07478,1.07325,1.07172],
   "EpsilonLine_0.85":[1.21636,1.21611,1.21586,1.21562,1.21537,1.21512,1.21487,1.21469,1.21448,1.21423,1.21398,1.21373,1.21346,1.21319,1.21294,1.21269,1.21243,1.21213,1.21184,1.21159,1.21133,1.21103,1.21069,1.21034,1.21001,1.20966,1.20929,1.20896,1.20861,1.20823,1.20783,1.20745,1.20707,1.20667,1.20621,1.20572,1.20524,1.20472,1.20419,1.20365,1.20311,1.20258,1.20205,1.20152,1.20098,1.20042,1.19986,1.1993,1.19874,1.1982,1.19766,1.19714,1.19666,1.19617,1.19567,1.19515,1.19461,1.19405,1.19348,1.1929,1.19233,1.19175,1.19116,1.19056,1.18995,1.18933,1.1887,1.18807,1.18737,1.18669,1.186,1.18526,1.18451,1.18378,1.18303,1.18226,1.18148,1.18069,1.17988,1.17904,1.17819,1.17731,1.17642,1.17555,1.17466,1.17375,1.17286,1.17194,1.17099,1.17002,1.16905,1.16806,1.16707,1.16607,1.16508,1.16408,1.16305,1.162,1.16095,1.15988,1.15879,1.15769,1.15659,1.15548,1.15435,1.15322,1.15207,1.1509,1.14971,1.14853,1.14734,1.14617,1.14498,1.14379,1.1426,1.1414,1.14017,1.13891,1.13765,1.13641,1.13515,1.13389,1.13263,1.13137,1.13006,1.12869,1.12733,1.12598,1.1246,1.1232,1.12179,1.12039,1.11897,1.11753,1.11605,1.11458,1.11311,1.11164,1.11014,1.10862,1.1071,1.10556,1.10396,1.10238,1.1008,1.09918,1.09758,1.09596,1.09431,1.09266,1.09102,1.08936,1.08766,1.08594,1.0842,1.08249,1.08077,1.07904,1.07728],
   "EpsilonLine_0.9":[1.23886,1.23871,1.23857,1.23842,1.23827,1.23813,1.23798,1.23783,1.23769,1.23754,1.23734,1.23714,1.23693,1.23668,1.23642,1.23617,1.23596,1.23572,1.23546,1.23519,1.23491,1.23465,1.23435,1.23404,1.2337,1.23335,1.23299,1.2326,1.23223,1.23187,1.23146,1.23104,1.23061,1.23015,1.22967,1.22921,1.22873,1.22824,1.2277,1.22717,1.22668,1.22616,1.22565,1.22513,1.22456,1.22397,1.22337,1.22277,1.22218,1.22158,1.22094,1.22029,1.21965,1.21903,1.21839,1.21773,1.21706,1.21636,1.21567,1.21498,1.21427,1.21356,1.21287,1.21216,1.21143,1.2107,1.20993,1.20916,1.20838,1.20759,1.20679,1.20595,1.20511,1.20427,1.2034,1.20254,1.20166,1.20075,1.19983,1.19891,1.198,1.19703,1.19605,1.19508,1.19408,1.19308,1.19208,1.19104,1.18999,1.18894,1.18785,1.18674,1.18561,1.18445,1.18332,1.18217,1.18106,1.17995,1.17875,1.17755,1.17634,1.17513,1.17392,1.17269,1.17143,1.17021,1.16895,1.16765,1.16636,1.16502,1.16369,1.16235,1.16094,1.15958,1.15822,1.15679,1.15535,1.15388,1.15241,1.15091,1.14939,1.14792,1.14643,1.14491,1.14338,1.1418,1.14024,1.13866,1.13703,1.13538,1.13376,1.1321,1.13044,1.12878,1.12711,1.12542,1.1237,1.12197,1.12023,1.11845,1.11668,1.11488,1.11306,1.11128,1.10948,1.10764,1.10581,1.10395,1.10206,1.10017,1.09826,1.09632,1.09438,1.09244,1.0905,1.08853,1.08655,1.08459,1.08259],
   "EpsilonLine_0.95":[1.26924,1.26909,1.26894,1.26878,1.26863,1.26848,1.26833,1.26819,1.26802,1.26784,1.26764,1.26742,1.26717,1.26692,1.26664,1.26634,1.26606,1.26578,1.26546,1.26511,1.26476,1.26441,1.26405,1.26365,1.2632,1.26277,1.26233,1.26187,1.26139,1.26091,1.26038,1.25983,1.25926,1.25867,1.25806,1.25744,1.25679,1.25611,1.25542,1.25472,1.25404,1.2534,1.2527,1.25199,1.25126,1.25053,1.24981,1.24909,1.24835,1.2476,1.24686,1.24611,1.24535,1.24462,1.24389,1.24313,1.24236,1.24155,1.2407,1.23986,1.23903,1.23821,1.23738,1.23653,1.23568,1.23484,1.23398,1.23311,1.23223,1.23134,1.23042,1.22949,1.22855,1.2276,1.22664,1.22569,1.22476,1.2238,1.2228,1.2218,1.22079,1.21975,1.2187,1.21764,1.21657,1.21548,1.21437,1.21326,1.21214,1.21103,1.20988,1.20873,1.2076,1.20644,1.20528,1.20411,1.20294,1.20176,1.20056,1.19933,1.19809,1.19685,1.19557,1.1943,1.19304,1.19175,1.19043,1.18911,1.18777,1.18639,1.18497,1.18355,1.1821,1.18061,1.17911,1.17759,1.17605,1.17451,1.17293,1.17135,1.16976,1.16813,1.16646,1.16478,1.16308,1.16137,1.15965,1.15789,1.1561,1.1543,1.15248,1.15064,1.14878,1.14693,1.14502,1.14306,1.14114,1.13921,1.13725,1.13527,1.13327,1.13128,1.12925,1.12721,1.12511,1.12303,1.12095,1.11883,1.11669,1.11456,1.11243,1.11029,1.10812,1.1059,1.10367,1.10145,1.09921,1.09697,1.09469],